﻿<?xml version="1.0" encoding="UTF-8" standalone="yes"?>
<addon id="plugin.program.vindora.co" name="Vindora.co" version="1.1.5" provider-name="Holgersson Studios GmbH">
    <requires>
		<import addon="xbmc.python" version="2.1.0"/>
		<import addon="script.module.simplejson"/>
        <import addon="script.module.beautifulsoup"/>
        <import addon="script.module.elementtree" version="1.2.7"/>
	</requires>
	<extension point="xbmc.python.pluginsource" library="default.py">
		<provides>executable</provides>
	</extension>
	<extension point="xbmc.addon.metadata">
		<platform>all</platform>
		<summary lang="en">Vindora.co</summary>
		<description lang="en">We from Vindora create a window to nature, wilderness and the adventurous side of life.

Crisp creeks, mountains and the green lung of nature will soon be with you wherever you are.</description>
		<license>GNU General Public License, v2</license>
		<language></language>
		<email>info@holgersson-studios.de</email>
	</extension>
</addon>
