<addon id="repository.vindora.co" name="Vindora.co's Addon Repository" version="1.0.8" provider-name="Holgersson Studios GmbH">
<extension point="xbmc.addon.repository" name="Vindora.co's Addon Repository">
<info compressed="true">https://raw.githubusercontent.com/Holgersson-Studios/vindora.co.repository/master/addons.xml</info>
<checksum>https://raw.githubusercontent.com/Holgersson-Studios/vindora.co.repository/master/addons.xml.md5</checksum>
<datadir zip="true">https://raw.githubusercontent.com/Holgersson-Studios/vindora.co.repository/master</datadir>
</extension>
<extension point="xbmc.addon.metadata">
<summary>Vindora.co's Repository</summary>
<description>Vindora.co's Repository</description>
<platform>all</platform>
</extension>
</addon>